subject,condition,mean_angle_deg,resultant_len,n_trials
sub-01,avatar_valid,168.984868411301,0.134023807536894,49
sub-01,avatar_invalid,173.167744109253,0.140735595814775,54
sub-01,stick_valid,-169.520938646423,0.0907001350633889,43
sub-01,stick_invalid,156.514276895205,0.128084562597441,50
sub-02,avatar_valid,171.473993172739,0.215725337260089,33
sub-02,avatar_invalid,177.001654549249,0.223164199015115,38
sub-02,stick_valid,-176.9171825067,0.193942062655836,22
sub-02,stick_invalid,177.293300179717,0.266590331442712,23
sub-03,avatar_valid,-143.783372111541,0.0982911172759647,42
sub-03,avatar_invalid,-115.035991060961,0.1112264081574,45
sub-03,stick_valid,-126.786623548784,0.088472345869489,43
sub-03,stick_invalid,-111.655397255364,0.0650226864972555,37
sub-04,avatar_valid,-178.65704736952,0.360551266777664,51
sub-04,avatar_invalid,-176.245599861014,0.349550762271892,48
sub-04,stick_valid,-177.461584634807,0.326775764211395,55
sub-04,stick_invalid,176.590233216712,0.354752685389599,52
sub-05,avatar_valid,-179.903766963634,0.320202826280239,54
sub-05,avatar_invalid,179.253706372575,0.289312268755056,51
sub-05,stick_valid,-173.671962736907,0.23867903615736,46
sub-05,stick_invalid,-172.511960624015,0.255608348613909,53
sub-06,avatar_valid,178.880347271622,0.0903003165975803,38
sub-06,avatar_invalid,167.50938808242,0.0802132266426798,37
sub-06,stick_valid,-155.127361903759,0.0260412913842937,50
sub-06,stick_invalid,-178.846194320645,0.059470954017223,52
sub-07,avatar_valid,179.932457949676,0.187218879225745,29
sub-07,avatar_invalid,172.318421547115,0.24302368424749,28
sub-07,stick_valid,177.639647647025,0.107490617132956,53
sub-07,stick_invalid,157.107056418055,0.11497838180569,47
sub-09,avatar_valid,-177.403281884735,0.622504025871674,55
sub-09,avatar_invalid,-175.914738421684,0.619601152265339,51
sub-09,stick_valid,-176.344590082703,0.563909594192714,50
sub-09,stick_invalid,179.9619611909,0.573346966387166,48
sub-10,avatar_valid,-150.511397623987,0.0772351115746146,40
sub-10,avatar_invalid,-120.155788587533,0.0407887205239641,40
sub-10,stick_valid,-162.241624286754,0.0972691401311558,51
sub-10,stick_invalid,-169.365562522475,0.0793678217170192,52
sub-11,avatar_valid,179.787221511225,0.544972600921762,51
sub-11,avatar_invalid,-177.988526435149,0.540039987398243,49
sub-11,stick_valid,-177.431674593015,0.47581168266791,49
sub-11,stick_invalid,-178.766828833279,0.517756473387593,51
sub-12,avatar_valid,-177.752141763217,0.221442042729102,43
sub-12,avatar_invalid,-168.365324499513,0.201091117663996,44
sub-12,stick_valid,-170.597862596204,0.21263686796105,44
sub-12,stick_invalid,-170.062471450991,0.216337023154643,42
sub-13,avatar_valid,-163.968026224281,0.111266249853792,45
sub-13,avatar_invalid,-172.825231049708,0.142095980046555,48
sub-13,stick_valid,-178.928596450964,0.205529688414373,54
sub-13,stick_invalid,179.929002631631,0.202667896669196,48
sub-14,avatar_valid,-173.507440337671,0.253007293933797,49
sub-14,avatar_invalid,179.333905679024,0.276621709772141,44
sub-14,stick_valid,-176.244902730088,0.283277668473839,49
sub-14,stick_invalid,-174.175705023211,0.348250254876059,52
sub-15,avatar_valid,-175.636136600287,0.259030531002422,48
sub-15,avatar_invalid,-172.674102846569,0.241382963060872,54
sub-15,stick_valid,-169.218413720033,0.124841873901414,48
sub-15,stick_invalid,-172.629689269207,0.161400974251663,50
sub-16,avatar_valid,-169.70295321818,0.353503522994627,50
sub-16,avatar_invalid,-173.09109790387,0.363874749139259,53
sub-16,stick_valid,-173.578194193755,0.412496915152994,51
sub-16,stick_invalid,-176.818279114174,0.442061909068517,49
sub-17,avatar_valid,170.683266655757,0.257988628817316,53
sub-17,avatar_invalid,175.941533613012,0.269505893458922,51
sub-17,stick_valid,176.287467005913,0.28329224305641,45
sub-17,stick_invalid,172.943594619128,0.231942861003625,45
sub-18,avatar_valid,176.319227450209,0.525374437102468,48
sub-18,avatar_invalid,176.043287283749,0.4862842069108,49
sub-18,stick_valid,177.691258526359,0.486116230063167,54
sub-18,stick_invalid,178.595637112951,0.480006268305748,53
sub-19,avatar_valid,178.705180238905,0.408024929127387,51
sub-19,avatar_invalid,-179.351439670522,0.422125848286469,53
sub-19,stick_valid,-178.994953035763,0.459801971208599,46
sub-19,stick_invalid,-176.370253285378,0.493826344696768,46
sub-20,avatar_valid,-179.087296159869,0.417309918258133,51
sub-20,avatar_invalid,-175.641440692874,0.420466324070209,50
sub-20,stick_valid,174.782437223404,0.379699350078197,48
sub-20,stick_invalid,-179.266735667469,0.428867548644589,48
sub-21,avatar_valid,-176.871945435674,0.0857635785376583,54
sub-21,avatar_invalid,175.227614418884,0.119672819040723,51
sub-21,stick_valid,165.850676813317,0.110655056531099,54
sub-21,stick_invalid,145.29713938987,0.117257595249117,54
sub-22,avatar_valid,-173.605525298136,0.353273577482488,49
sub-22,avatar_invalid,-179.185262922697,0.357428748353032,47
sub-22,stick_valid,179.450511163773,0.239787895015097,46
sub-22,stick_invalid,-173.287610433433,0.301839340777831,45
sub-23,avatar_valid,-77.8981720541681,0.0599035877798219,53
sub-23,avatar_invalid,-168.089504131885,0.0776318974131467,51
sub-23,stick_valid,163.81297960873,0.0352726877452813,50
sub-23,stick_invalid,-93.0177228276726,0.044911004700655,53
sub-24,avatar_valid,-176.705421939061,0.314959717100963,47
sub-24,avatar_invalid,-171.953303302314,0.350513204852106,51
sub-24,stick_valid,-175.391165568575,0.365239270828576,52
sub-24,stick_invalid,-168.703938024146,0.401267257750713,51
sub-25,avatar_valid,-178.942767903035,0.288311685393442,52
sub-25,avatar_invalid,-176.044515874621,0.315979033233021,52
sub-25,stick_valid,-178.429688296716,0.257079337204144,45
sub-25,stick_invalid,-173.410164483209,0.235826185833384,46
sub-26,avatar_valid,179.750223363694,0.485797576119897,33
sub-26,avatar_invalid,176.063481313305,0.459185343905613,26
sub-26,stick_valid,179.631822850072,0.499168780916213,41
sub-26,stick_invalid,-179.978390362695,0.53760505259972,40
sub-27,avatar_valid,-165.670137798757,0.199547402968961,35
sub-27,avatar_invalid,173.033956193558,0.179390410737836,27
sub-27,stick_valid,-178.004203926918,0.386137581439211,38
sub-27,stick_invalid,-174.783272725782,0.326033991602664,43
sub-28,avatar_valid,179.435503894011,0.213630185494845,49
sub-28,avatar_invalid,178.918129789745,0.24520643154581,50
sub-28,stick_valid,-177.775027311993,0.267275319556174,55
sub-28,stick_invalid,-178.986607955296,0.249950261276053,55
sub-29,avatar_valid,-175.062356631175,0.271728903948783,49
sub-29,avatar_invalid,-172.233694874071,0.290310598385523,47
sub-29,stick_valid,-166.941478600639,0.245011223558184,47
sub-29,stick_invalid,-173.366520841283,0.231055478839878,46
sub-30,avatar_valid,179.806313955781,0.669450439562337,46
sub-30,avatar_invalid,-179.981193097087,0.653536225211476,49
sub-30,stick_valid,-175.234474857047,0.592480479280643,51
sub-30,stick_invalid,-179.332750079614,0.601181943811259,54
sub-31,avatar_valid,-166.102907702181,0.299758905935354,49
sub-31,avatar_invalid,-177.022333823314,0.295775062807307,51
sub-31,stick_valid,179.283093658709,0.257808787896558,50
sub-31,stick_invalid,-173.209846166576,0.260034277576113,49
sub-32,avatar_valid,-175.53123343465,0.365984992493039,47
sub-32,avatar_invalid,-174.775678398897,0.384904246381048,51
sub-32,stick_valid,-174.6449956522,0.433725151191947,47
sub-32,stick_invalid,-178.889774370533,0.412315013366038,48
sub-33,avatar_valid,-178.330605323603,0.392834651611316,47
sub-33,avatar_invalid,176.837645546215,0.409719639489524,53
sub-33,stick_valid,-177.171038270547,0.393960642620989,50
sub-33,stick_invalid,-172.336895762799,0.385956905125698,52
sub-34,avatar_valid,-169.258420355131,0.280035969737035,34
sub-34,avatar_invalid,-171.42921032654,0.291584882889051,27
sub-34,stick_valid,-170.896857329274,0.214141854421237,43
sub-34,stick_invalid,-177.374491672584,0.288119578965989,37
sub-35,avatar_valid,-178.028930086195,0.467140670414471,49
sub-35,avatar_invalid,-178.041222352043,0.490634332188911,49
sub-35,stick_valid,-179.05025040052,0.506562687864152,49
sub-35,stick_invalid,-178.59687707506,0.496955513982725,46
sub-36,avatar_valid,170.079361366736,0.125766691271007,46
sub-36,avatar_invalid,-178.651093466674,0.14768435802912,52
sub-36,stick_valid,179.65197275056,0.233054215466351,24
sub-36,stick_invalid,179.374582810024,0.220545842173268,23
sub-37,avatar_valid,173.587035733136,0.166026980146871,47
sub-37,avatar_invalid,177.977132176096,0.178363412323423,47
sub-37,stick_valid,-172.480621068167,0.285333722738082,45
sub-37,stick_invalid,-172.101554033837,0.215602196629837,47
sub-38,avatar_valid,162.913206207093,0.0204063753545243,51
sub-38,avatar_invalid,160.714327375743,0.051091272735942,51
sub-38,stick_valid,174.789927332644,0.111360539487738,53
sub-38,stick_invalid,174.431078896403,0.152373376188808,55
sub-39,avatar_valid,-173.78714623862,0.238540962831057,51
sub-39,avatar_invalid,-177.193644998951,0.197677258388573,47
sub-39,stick_valid,171.301441781614,0.217358240369029,45
sub-39,stick_invalid,169.193228220632,0.251406711455335,41
sub-40,avatar_valid,-175.774861297208,0.393437901618161,44
sub-40,avatar_invalid,-177.743259651847,0.381453097159914,42
sub-40,stick_valid,-172.183675438051,0.423767392254338,54
sub-40,stick_invalid,-174.273760867938,0.459003466011097,51
sub-41,avatar_valid,-176.714008926651,0.386447230437666,45
sub-41,avatar_invalid,-168.276021583474,0.444373501717834,45
sub-41,stick_valid,-175.725060400394,0.411310531254099,47
sub-41,stick_invalid,-179.144944326999,0.394154116070408,47
sub-43,avatar_valid,-168.346477617614,0.237749292387826,47
sub-43,avatar_invalid,-179.437035900217,0.307441640454192,50
sub-43,stick_valid,-176.348003980844,0.376721930327019,46
sub-43,stick_invalid,-177.309938272564,0.33617042760467,46
sub-44,avatar_valid,178.074153627125,0.344530509886348,39
sub-44,avatar_invalid,-178.008757984111,0.392449408412807,42
sub-44,stick_valid,-179.500797845272,0.427598520958657,36
sub-44,stick_invalid,-175.428182421614,0.447513954893228,42
sub-45,avatar_valid,-172.233804879123,0.215063234081617,48
sub-45,avatar_invalid,-170.332816296474,0.235154659751872,44
sub-45,stick_valid,-170.818908798057,0.24415740119354,49
sub-45,stick_invalid,-172.571671337779,0.254003991210826,52
sub-46,avatar_valid,172.272925786797,0.391789196611957,52
sub-46,avatar_invalid,174.168417792758,0.415389785276684,45
sub-46,stick_valid,175.488689108486,0.346417820427757,54
sub-46,stick_invalid,177.063927681721,0.379378396413304,56
sub-48,avatar_valid,179.48071893254,0.225784221925519,42
sub-48,avatar_invalid,179.123530586359,0.215004699173937,41
sub-48,stick_valid,-177.965705520113,0.323870924421224,48
sub-48,stick_invalid,174.233050381276,0.344236025947625,47
sub-49,avatar_valid,-177.694637732941,0.223249068053531,34
sub-49,avatar_invalid,-171.061811906935,0.190078590861639,37
sub-49,stick_valid,-177.384444966948,0.157304611003865,32
sub-49,stick_invalid,-158.946064147319,0.207179711607385,38
sub-50,avatar_valid,178.691368002438,0.374366664429945,46
sub-50,avatar_invalid,-179.829657218282,0.407000744362846,48
sub-50,stick_valid,-172.9096998588,0.344227920986597,51
sub-50,stick_invalid,-175.80340010729,0.368907182076438,48
